Date,Temp
1900-01-31,25.78
1900-02-28,26.16
1900-03-31,23.868
1900-04-30,23.467
1900-05-31,22.667
1900-06-30,22.88
1900-07-31,21.845
1900-08-31,21.294
1900-09-30,21.772
1900-10-31,22.657
1900-11-30,24.548
1900-12-31,24.898000000000003
1901-01-31,25.786
1901-02-28,25.418000000000006
1901-03-31,24.291999999999998
1901-04-30,23.289
1901-05-31,22.074
1901-06-30,22.756999999999998
1901-07-31,21.69
1901-08-31,21.09
1901-09-30,21.245
1901-10-31,21.605999999999998
1901-11-30,22.707
1901-12-31,25.011
1902-01-31,26.618000000000002
1902-02-28,25.631
1902-03-31,24.910999999999998
1902-04-30,24.195
1902-05-31,23.601
1902-06-30,23.641
1902-07-31,21.456
1902-08-31,21.141
1902-09-30,21.492
1902-10-31,24.817
1902-11-30,25.417
1902-12-31,24.502
1903-01-31,26.993000000000002
1903-02-28,26.948
1903-03-31,24.029
1903-04-30,22.764
1903-05-31,23.755
1903-06-30,21.814
1903-07-31,22.047
1903-08-31,21.533
1903-09-30,21.87
1903-10-31,23.345
1903-11-30,25.206
1903-12-31,25.308000000000003
1904-01-31,26.26100000000001
1904-02-29,25.878
1904-03-31,23.701
1904-04-30,22.248
1904-05-31,21.716
1904-06-30,21.796
1904-07-31,21.605999999999998
1904-08-31,21.759
1904-09-30,21.567
1904-10-31,22.623
1904-11-30,23.589
1904-12-31,24.816
1905-01-31,26.678
1905-02-28,24.721999999999998
1905-03-31,24.487
1905-04-30,24.596
1905-05-31,23.337
1905-06-30,22.412
1905-07-31,22.192
1905-08-31,21.807
1905-09-30,23.037
1905-10-31,22.828000000000007
1905-11-30,25.11
1905-12-31,24.235
1906-01-31,25.177000000000003
1906-02-28,25.111
1906-03-31,24.499
1906-04-30,24.625
1906-05-31,24.062
1906-06-30,23.32
1906-07-31,22.576999999999998
1906-08-31,21.622
1906-09-30,22.435
1906-10-31,22.972
1906-11-30,24.269
1906-12-31,24.446
1907-01-31,25.773000000000003
1907-02-28,25.835
1907-03-31,24.445999999999998
1907-04-30,22.475
1907-05-31,23.668000000000006
1907-06-30,21.599
1907-07-31,20.811
1907-08-31,22.502
1907-09-30,21.338
1907-10-31,22.608
1907-11-30,24.804
1907-12-31,25.156
1908-01-31,25.635
1908-02-29,24.910999999999998
1908-03-31,24.631
1908-04-30,23.633000000000006
1908-05-31,23.483
1908-06-30,22.942
1908-07-31,21.529
1908-08-31,21.596
1908-09-30,21.578000000000007
1908-10-31,23.094
1908-11-30,24.707
1908-12-31,25.506
1909-01-31,27.193
1909-02-28,25.688
1909-03-31,23.944000000000006
1909-04-30,22.561999999999998
1909-05-31,22.565
1909-06-30,22.796
1909-07-31,21.909
1909-08-31,21.356
1909-09-30,20.848000000000006
1909-10-31,22.408
1909-11-30,23.231
1909-12-31,25.925
1910-01-31,25.952
1910-02-28,26.006999999999998
1910-03-31,25.263
1910-04-30,22.480999999999998
1910-05-31,23.688
1910-06-30,21.578000000000007
1910-07-31,22.458
1910-08-31,21.408
1910-09-30,20.057
1910-10-31,21.762
1910-11-30,23.144
1910-12-31,25.883000000000006
1911-01-31,26.027
1911-02-28,24.692
1911-03-31,24.421
1911-04-30,23.622
1911-05-31,21.518
1911-06-30,21.011
1911-07-31,21.363000000000003
1911-08-31,21.242
1911-09-30,21.175
1911-10-31,24.418000000000006
1911-11-30,24.897
1911-12-31,25.214
1912-01-31,27.025
1912-02-29,25.589
1912-03-31,24.506999999999998
1912-04-30,24.866
1912-05-31,23.272
1912-06-30,21.359
1912-07-31,22.091
1912-08-31,19.641
1912-09-30,20.51
1912-10-31,23.873
1912-11-30,23.826
1912-12-31,24.846
1913-01-31,26.31600000000001
1913-02-28,26.406
1913-03-31,25.105
1913-04-30,23.965999999999998
1913-05-31,22.415
1913-06-30,23.371
1913-07-31,22.269
1913-08-31,22.218000000000004
1913-09-30,21.791
1913-10-31,22.713
1913-11-30,23.222
1913-12-31,26.028
1914-01-31,26.138
1914-02-28,26.734
1914-03-31,24.474
1914-04-30,22.863000000000003
1914-05-31,24.85
1914-06-30,24.096
1914-07-31,22.747
1914-08-31,23.115
1914-09-30,22.464
1914-10-31,24.093000000000004
1914-11-30,23.816
1914-12-31,26.24
1915-01-31,26.748
1915-02-28,25.85
1915-03-31,26.057
1915-04-30,26.123
1915-05-31,23.334
1915-06-30,22.589
1915-07-31,22.853
1915-08-31,22.167
1915-09-30,21.369
1915-10-31,21.969
1915-11-30,23.465
1915-12-31,25.014
1916-01-31,25.295
1916-02-29,24.944000000000006
1916-03-31,24.266
1916-04-30,24.238000000000003
1916-05-31,24.124
1916-06-30,22.48
1916-07-31,22.03
1916-08-31,22.693
1916-09-30,20.906
1916-10-31,22.78
1916-11-30,23.441
1916-12-31,25.19
1917-01-31,25.812
1917-02-28,25.105999999999998
1917-03-31,23.612
1917-04-30,22.006999999999998
1917-05-31,21.227
1917-06-30,21.268
1917-07-31,20.712
1917-08-31,21.167
1917-09-30,20.776
1917-10-31,21.219
1917-11-30,23.288
1917-12-31,25.377
1918-01-31,25.826
1918-02-28,25.679
1918-03-31,24.564
1918-04-30,24.214
1918-05-31,22.852
1918-06-30,21.317
1918-07-31,20.722
1918-08-31,21.135
1918-09-30,21.726
1918-10-31,22.411
1918-11-30,23.289
1918-12-31,24.469
1919-01-31,25.156
1919-02-28,25.075
1919-03-31,24.922
1919-04-30,24.654
1919-05-31,23.626
1919-06-30,22.927
1919-07-31,21.392
1919-08-31,22.094
1919-09-30,22.26
1919-10-31,23.937
1919-11-30,24.296
1919-12-31,25.895
1920-01-31,26.463
1920-02-29,25.949
1920-03-31,25.088
1920-04-30,23.518
1920-05-31,23.205
1920-06-30,23.413
1920-07-31,20.456
1920-08-31,20.928
1920-09-30,21.84
1920-10-31,23.175
1920-11-30,23.807
1920-12-31,25.54
1921-01-31,26.826
1921-02-28,26.328000000000007
1921-03-31,24.268
1921-04-30,23.778
1921-05-31,22.453000000000007
1921-06-30,21.282
1921-07-31,23.103
1921-08-31,21.254
1921-09-30,20.853
1921-10-31,21.554
1921-11-30,23.693
1921-12-31,25.829
1922-01-31,26.219
1922-02-28,26.404
1922-03-31,24.819000000000006
1922-04-30,24.18
1922-05-31,23.403
1922-06-30,22.465
1922-07-31,23.05
1922-08-31,22.04000000000001
1922-09-30,21.388
1922-10-31,22.865
1922-11-30,24.313
1922-12-31,25.677
1923-01-31,26.213
1923-02-28,26.55
1923-03-31,25.864
1923-04-30,24.168000000000006
1923-05-31,23.255
1923-06-30,21.194000000000006
1923-07-31,22.164
1923-08-31,21.519000000000002
1923-09-30,21.384
1923-10-31,22.811
1923-11-30,25.36
1923-12-31,24.659
1924-01-31,25.51100000000001
1924-02-29,26.456999999999997
1924-03-31,25.254
1924-04-30,24.282
1924-05-31,23.155
1924-06-30,22.108
1924-07-31,21.145
1924-08-31,21.04
1924-09-30,19.912
1924-10-31,21.97
1924-11-30,23.496
1924-12-31,25.143
1925-01-31,26.209000000000003
1925-02-28,25.523000000000003
1925-03-31,25.423
1925-04-30,24.385
1925-05-31,21.656
1925-06-30,20.619
1925-07-31,23.179
1925-08-31,21.857
1925-09-30,20.246
1925-10-31,22.791999999999998
1925-11-30,24.788
1925-12-31,25.511
1926-01-31,24.946
1926-02-28,26.224
1926-03-31,24.539
1926-04-30,23.363000000000003
1926-05-31,23.518
1926-06-30,22.593000000000004
1926-07-31,22.409
1926-08-31,22.804000000000002
1926-09-30,22.179
1926-10-31,23.379
1926-11-30,24.464
1926-12-31,25.362
1927-01-31,26.214000000000002
1927-02-28,26.625
1927-03-31,25.250999999999998
1927-04-30,23.641
1927-05-31,22.827
1927-06-30,21.679
1927-07-31,21.839
1927-08-31,21.654
1927-09-30,21.712
1927-10-31,23.305
1927-11-30,23.883000000000006
1927-12-31,24.933000000000003
1928-01-31,26.76400000000001
1928-02-29,27.230999999999998
1928-03-31,26.247
1928-04-30,24.537
1928-05-31,24.445
1928-06-30,22.741
1928-07-31,21.869
1928-08-31,22.028000000000002
1928-09-30,21.324
1928-10-31,22.697
1928-11-30,24.241
1928-12-31,26.12
1929-01-31,26.554000000000002
1929-02-28,26.185
1929-03-31,23.38
1929-04-30,22.756999999999998
1929-05-31,23.25
1929-06-30,21.984
1929-07-31,22.429
1929-08-31,22.395
1929-09-30,22.838
1929-10-31,21.916
1929-11-30,25.808000000000003
1929-12-31,26.656
1930-01-31,26.616000000000003
1930-02-28,26.745
1930-03-31,24.401
1930-04-30,24.044
1930-05-31,24.942
1930-06-30,23.012
1930-07-31,22.534
1930-08-31,21.239
1930-09-30,22.157
1930-10-31,22.091
1930-11-30,24.063
1930-12-31,25.875
1931-01-31,24.98200000000001
1931-02-28,26.320999999999998
1931-03-31,25.151999999999997
1931-04-30,23.791999999999998
1931-05-31,23.221
1931-06-30,22.804
1931-07-31,21.224
1931-08-31,20.994
1931-09-30,21.558000000000003
1931-10-31,22.025
1931-11-30,24.535
1931-12-31,24.768
1932-01-31,26.935
1932-02-29,26.829
1932-03-31,25.979
1932-04-30,23.851
1932-05-31,23.189
1932-06-30,23.761
1932-07-31,21.568
1932-08-31,22.754
1932-09-30,22.887
1932-10-31,23.24
1932-11-30,24.954
1932-12-31,24.924
1933-01-31,26.581000000000003
1933-02-28,25.59
1933-03-31,23.421
1933-04-30,23.301
1933-05-31,22.153
1933-06-30,21.576
1933-07-31,21.636
1933-08-31,21.394000000000002
1933-09-30,21.381
1933-10-31,21.344
1933-11-30,22.855
1933-12-31,25.617
1934-01-31,26.563000000000002
1934-02-28,26.480999999999998
1934-03-31,25.166999999999998
1934-04-30,24.369
1934-05-31,23.997
1934-06-30,21.817
1934-07-31,21.846
1934-08-31,21.823
1934-09-30,21.059
1934-10-31,22.832
1934-11-30,23.932
1934-12-31,24.999
1935-01-31,26.67100000000001
1935-02-28,26.97
1935-03-31,24.064
1935-04-30,22.712
1935-05-31,23.918000000000006
1935-06-30,23.793000000000006
1935-07-31,21.99
1935-08-31,21.8
1935-09-30,22.203000000000007
1935-10-31,22.795
1935-11-30,24.786
1935-12-31,26.149
1936-01-31,25.696
1936-02-29,25.894
1936-03-31,25.273000000000003
1936-04-30,25.941
1936-05-31,24.818
1936-06-30,23.199
1936-07-31,21.564
1936-08-31,21.115
1936-09-30,21.723000000000006
1936-10-31,22.777
1936-11-30,24.087
1936-12-31,24.379
1937-01-31,26.792
1937-02-28,26.524
1937-03-31,24.820999999999998
1937-04-30,23.127
1937-05-31,23.505
1937-06-30,23.410999999999998
1937-07-31,23.311
1937-08-31,21.285
1937-09-30,21.455
1937-10-31,22.012
1937-11-30,22.739
1937-12-31,26.882
1938-01-31,26.345
1938-02-28,27.096
1938-03-31,24.977
1938-04-30,23.738000000000003
1938-05-31,23.086
1938-06-30,22.276999999999997
1938-07-31,21.726
1938-08-31,21.932
1938-09-30,22.011
1938-10-31,23.143
1938-11-30,23.816
1938-12-31,25.784
1939-01-31,26.868000000000002
1939-02-28,27.127
1939-03-31,24.907
1939-04-30,24.811999999999998
1939-05-31,23.738000000000003
1939-06-30,21.878
1939-07-31,22.7
1939-08-31,21.103
1939-09-30,21.568
1939-10-31,23.007
1939-11-30,23.914
1939-12-31,26.026
1940-01-31,25.728
1940-02-29,26.471
1940-03-31,26.057
1940-04-30,25.015
1940-05-31,23.834
1940-06-30,23.511
1940-07-31,22.287
1940-08-31,21.214000000000002
1940-09-30,21.674
1940-10-31,22.329
1940-11-30,25.953000000000007
1940-12-31,26.356
1941-01-31,27.437
1941-02-28,26.105999999999998
1941-03-31,26.872
1941-04-30,25.029
1941-05-31,22.913
1941-06-30,22.355
1941-07-31,23.568
1941-08-31,20.389
1941-09-30,21.599
1941-10-31,23.565
1941-11-30,24.436
1941-12-31,26.275
1942-01-31,27.471
1942-02-28,27.092
1942-03-31,25.003
1942-04-30,24.057
1942-05-31,23.425
1942-06-30,21.058000000000003
1942-07-31,22.06
1942-08-31,21.461
1942-09-30,22.082
1942-10-31,22.957
1942-11-30,23.354
1942-12-31,24.974
1943-01-31,26.38900000000001
1943-02-28,26.779
1943-03-31,23.737
1943-04-30,24.35
1943-05-31,24.157
1943-06-30,22.593000000000004
1943-07-31,20.614
1943-08-31,20.985
1943-09-30,21.652
1943-10-31,22.967
1943-11-30,23.277
1943-12-31,26.11
1944-01-31,26.263
1944-02-29,27.14
1944-03-31,24.168000000000006
1944-04-30,23.185
1944-05-31,23.569000000000006
1944-06-30,21.699
1944-07-31,22.287
1944-08-31,22.143
1944-09-30,23.328000000000007
1944-10-31,22.541
1944-11-30,23.743
1944-12-31,25.333
1945-01-31,26.97300000000001
1945-02-28,26.156
1945-03-31,24.793000000000006
1945-04-30,22.71
1945-05-31,22.438
1945-06-30,22.506
1945-07-31,23.355999999999998
1945-08-31,20.968000000000004
1945-09-30,21.874
1945-10-31,22.92
1945-11-30,23.275
1945-12-31,25.958
1946-01-31,28.044
1946-02-28,26.189
1946-03-31,24.309
1946-04-30,24.945999999999998
1946-05-31,23.399
1946-06-30,22.833
1946-07-31,23.117
1946-08-31,22.929000000000002
1946-09-30,22.611
1946-10-31,23.561
1946-11-30,24.236
1946-12-31,26.48
1947-01-31,27.177000000000003
1947-02-28,25.578000000000007
1947-03-31,24.664
1947-04-30,24.861
1947-05-31,24.237
1947-06-30,22.092
1947-07-31,21.569000000000006
1947-08-31,21.509
1947-09-30,20.359
1947-10-31,21.576999999999998
1947-11-30,23.398000000000003
1947-12-31,26.992
1948-01-31,26.826
1948-02-29,25.54
1948-03-31,24.904
1948-04-30,24.015
1948-05-31,23.52
1948-06-30,23.994
1948-07-31,21.724
1948-08-31,21.932
1948-09-30,21.629
1948-10-31,23.055
1948-11-30,24.079
1948-12-31,25.609
1949-01-31,25.748
1949-02-28,27.52
1949-03-31,24.565
1949-04-30,23.305999999999997
1949-05-31,24.133000000000006
1949-06-30,22.186999999999998
1949-07-31,21.908
1949-08-31,21.163
1949-09-30,20.8
1949-10-31,22.032
1949-11-30,23.799
1949-12-31,25.467
1950-01-31,26.409000000000002
1950-02-28,26.309
1950-03-31,25.245
1950-04-30,24.778
1950-05-31,23.792
1950-06-30,22.653
1950-07-31,23.203000000000007
1950-08-31,22.364
1950-09-30,21.776
1950-10-31,22.203000000000007
1950-11-30,24.194000000000006
1950-12-31,25.556
1951-01-31,26.180000000000003
1951-02-28,25.805
1951-03-31,23.389
1951-04-30,23.774
1951-05-31,22.732
1951-06-30,21.523000000000003
1951-07-31,20.843000000000004
1951-08-31,21.565
1951-09-30,21.912
1951-10-31,22.943
1951-11-30,22.826999999999998
1951-12-31,25.673000000000002
1952-01-31,25.989
1952-02-29,26.337
1952-03-31,24.121
1952-04-30,23.843000000000004
1952-05-31,23.579
1952-06-30,22.763
1952-07-31,23.021
1952-08-31,21.623
1952-09-30,22.945
1952-10-31,23.115
1952-11-30,24.604
1952-12-31,26.665
1953-01-31,26.117
1953-02-28,26.945
1953-03-31,25.096
1953-04-30,24.182
1953-05-31,23.484
1953-06-30,21.624
1953-07-31,22.164
1953-08-31,22.674
1953-09-30,22.528
1953-10-31,22.73
1953-11-30,23.912
1953-12-31,26.814
1954-01-31,27.211
1954-02-28,26.791999999999998
1954-03-31,24.539
1954-04-30,24.014
1954-05-31,24.228
1954-06-30,23.239
1954-07-31,22.459
1954-08-31,22.591
1954-09-30,21.677
1954-10-31,22.948
1954-11-30,24.164
1954-12-31,25.473000000000006
1955-01-31,26.797
1955-02-28,26.336
1955-03-31,24.53
1955-04-30,23.692
1955-05-31,23.285
1955-06-30,22.925
1955-07-31,21.958
1955-08-31,21.905
1955-09-30,20.603
1955-10-31,21.706
1955-11-30,24.201999999999998
1955-12-31,27.443
1956-01-31,26.44
1956-02-29,26.024
1956-03-31,24.75
1956-04-30,22.865
1956-05-31,22.169
1956-06-30,22.287
1956-07-31,20.897
1956-08-31,22.393
1956-09-30,21.480999999999998
1956-10-31,21.695999999999998
1956-11-30,23.25
1956-12-31,26.195
1957-01-31,26.278000000000002
1957-02-28,26.180999999999997
1957-03-31,24.844
1957-04-30,23.615
1957-05-31,23.222
1957-06-30,22.429
1957-07-31,22.434
1957-08-31,21.449
1957-09-30,23.386
1957-10-31,22.639
1957-11-30,25.003
1957-12-31,26.546
1958-01-31,27.736
1958-02-28,26.41
1958-03-31,24.801
1958-04-30,24.238000000000003
1958-05-31,23.469
1958-06-30,23.483
1958-07-31,23.669
1958-08-31,22.102
1958-09-30,22.751
1958-10-31,24.502
1958-11-30,25.692
1958-12-31,26.393
1959-01-31,27.65
1959-02-28,26.0
1959-03-31,27.225
1959-04-30,24.936
1959-05-31,23.219
1959-06-30,24.021
1959-07-31,22.615
1959-08-31,22.839000000000002
1959-09-30,22.831
1959-10-31,23.0
1959-11-30,24.648000000000003
1959-12-31,25.55
1960-01-31,25.859
1960-02-29,25.496
1960-03-31,24.409
1960-04-30,22.956
1960-05-31,22.871
1960-06-30,22.651
1960-07-31,22.701999999999998
1960-08-31,22.034000000000002
1960-09-30,24.032
1960-10-31,23.070999999999998
1960-11-30,23.978
1960-12-31,25.923000000000002
1961-01-31,26.616000000000003
1961-02-28,26.392
1961-03-31,25.730999999999998
1961-04-30,24.230999999999998
1961-05-31,24.013
1961-06-30,23.237
1961-07-31,23.312
1961-08-31,24.108
1961-09-30,23.69
1961-10-31,23.998
1961-11-30,24.381
1961-12-31,25.241
1962-01-31,26.096
1962-02-28,26.427
1962-03-31,24.695999999999998
1962-04-30,23.38
1962-05-31,21.831
1962-06-30,21.762
1962-07-31,22.01
1962-08-31,21.955
1962-09-30,21.168000000000006
1962-10-31,22.89
1962-11-30,23.816
1962-12-31,26.619
1963-01-31,26.241000000000003
1963-02-28,27.351999999999997
1963-03-31,25.125
1963-04-30,23.533
1963-05-31,22.967
1963-06-30,22.862
1963-07-31,22.660999999999998
1963-08-31,23.366
1963-09-30,22.903
1963-10-31,23.889
1963-11-30,23.99
1963-12-31,24.936
1964-01-31,26.208000000000002
1964-02-29,26.087
1964-03-31,25.195999999999998
1964-04-30,23.601999999999997
1964-05-31,22.839
1964-06-30,21.113000000000003
1964-07-31,22.529
1964-08-31,22.243000000000002
1964-09-30,21.38
1964-10-31,21.886
1964-11-30,23.576999999999998
1964-12-31,24.616
1965-01-31,26.38000000000001
1965-02-28,25.554
1965-03-31,25.333
1965-04-30,24.298
1965-05-31,24.447
1965-06-30,22.951999999999998
1965-07-31,23.195999999999998
1965-08-31,23.189
1965-09-30,22.353
1965-10-31,23.486
1965-11-30,25.833
1965-12-31,26.47
1966-01-31,28.00500000000001
1966-02-28,26.871
1966-03-31,24.936
1966-04-30,24.302
1966-05-31,24.31
1966-06-30,23.721
1966-07-31,21.911
1966-08-31,21.437
1966-09-30,22.409
1966-10-31,22.876
1966-11-30,25.06
1966-12-31,25.731
1967-01-31,26.998
1967-02-28,26.325
1967-03-31,25.118
1967-04-30,24.601999999999997
1967-05-31,24.009
1967-06-30,22.762
1967-07-31,23.552
1967-08-31,22.364
1967-09-30,23.438
1967-10-31,22.646
1967-11-30,22.904
1967-12-31,25.697
1968-01-31,25.32800000000001
1968-02-29,26.089
1968-03-31,23.401
1968-04-30,22.14
1968-05-31,22.388
1968-06-30,22.173
1968-07-31,21.247
1968-08-31,21.045
1968-09-30,21.605
1968-10-31,23.574
1968-11-30,24.854
1968-12-31,26.48
1969-01-31,27.429000000000002
1969-02-28,26.365
1969-03-31,24.759
1969-04-30,24.676
1969-05-31,23.946
1969-06-30,22.91
1969-07-31,22.422
1969-08-31,22.673000000000002
1969-09-30,21.199
1969-10-31,23.58
1969-11-30,23.302
1969-12-31,25.609
1970-01-31,26.879
1970-02-28,26.656
1970-03-31,25.041999999999998
1970-04-30,25.035999999999998
1970-05-31,24.629
1970-06-30,22.629
1970-07-31,21.879
1970-08-31,21.446
1970-09-30,21.52
1970-10-31,21.834
1970-11-30,25.543000000000006
1970-12-31,26.984
1971-01-31,27.552000000000003
1971-02-28,26.963
1971-03-31,25.127
1971-04-30,24.066
1971-05-31,23.028
1971-06-30,23.034
1971-07-31,22.36
1971-08-31,21.579
1971-09-30,21.199
1971-10-31,21.905
1971-11-30,24.221
1971-12-31,25.938
1972-01-31,26.29000000000001
1972-02-29,26.834
1972-03-31,24.451999999999998
1972-04-30,24.709
1972-05-31,25.285
1972-06-30,23.250999999999998
1972-07-31,23.156
1972-08-31,22.236
1972-09-30,22.34
1972-10-31,23.535
1972-11-30,24.904
1972-12-31,27.106
1973-01-31,27.972
1973-02-28,26.048
1973-03-31,26.901999999999997
1973-04-30,24.283
1973-05-31,24.893
1973-06-30,24.085
1973-07-31,21.986
1973-08-31,21.399
1973-09-30,21.267
1973-10-31,21.781
1973-11-30,24.779
1973-12-31,25.816
1974-01-31,26.74
1974-02-28,26.635
1974-03-31,24.676
1974-04-30,24.413
1974-05-31,22.808000000000003
1974-06-30,22.984
1974-07-31,22.557
1974-08-31,22.315
1974-09-30,21.583
1974-10-31,23.224
1974-11-30,23.331
1974-12-31,24.657
1975-01-31,26.531
1975-02-28,26.587
1975-03-31,23.599
1975-04-30,22.976
1975-05-31,22.58
1975-06-30,21.134
1975-07-31,23.531
1975-08-31,22.041
1975-09-30,21.456
1975-10-31,22.833
1975-11-30,24.893
1975-12-31,26.495
1976-01-31,26.045
1976-02-29,25.971
1976-03-31,25.458
1976-04-30,23.691
1976-05-31,23.247
1976-06-30,22.025
1976-07-31,22.230999999999998
1976-08-31,21.214000000000002
1976-09-30,21.229
1976-10-31,23.143
1976-11-30,24.439
1976-12-31,26.09
1977-01-31,27.824
1977-02-28,27.215999999999998
1977-03-31,25.284
1977-04-30,24.276
1977-05-31,24.297
1977-06-30,25.131999999999998
1977-07-31,23.42
1977-08-31,22.573
1977-09-30,22.725
1977-10-31,23.232
1977-11-30,23.595
1977-12-31,26.19
1978-01-31,26.294
1978-02-28,26.357
1978-03-31,24.138
1978-04-30,23.573
1978-05-31,22.546
1978-06-30,23.851
1978-07-31,22.359
1978-08-31,22.31600000000001
1978-09-30,22.51
1978-10-31,23.592
1978-11-30,24.344
1978-12-31,23.481
1979-01-31,25.592
1979-02-28,25.236
1979-03-31,24.236
1979-04-30,24.619
1979-05-31,22.514
1979-06-30,22.149
1979-07-31,23.326
1979-08-31,21.619
1979-09-30,22.956
1979-10-31,22.859
1979-11-30,24.749
1979-12-31,24.912
1980-01-31,26.82500000000001
1980-02-29,27.709
1980-03-31,25.488000000000003
1980-04-30,25.179
1980-05-31,23.466
1980-06-30,23.592
1980-07-31,23.19
1980-08-31,21.308000000000003
1980-09-30,22.323
1980-10-31,22.788
1980-11-30,25.402
1980-12-31,26.225
1981-01-31,27.04600000000001
1981-02-28,26.361
1981-03-31,24.573
1981-04-30,24.438
1981-05-31,23.114
1981-06-30,21.906
1981-07-31,22.526
1981-08-31,22.913
1981-09-30,21.146
1981-10-31,23.552
1981-11-30,24.418000000000006
1981-12-31,24.204
1982-01-31,26.896
1982-02-28,25.618
1982-03-31,23.871
1982-04-30,23.281
1982-05-31,24.68
1982-06-30,23.525
1982-07-31,23.217
1982-08-31,22.13000000000001
1982-09-30,22.281
1982-10-31,24.516
1982-11-30,23.999
1982-12-31,26.047
1983-01-31,27.149
1983-02-28,26.258000000000006
1983-03-31,25.188
1983-04-30,25.511999999999997
1983-05-31,23.738000000000003
1983-06-30,23.456
1983-07-31,21.756999999999998
1983-08-31,20.548000000000002
1983-09-30,21.749
1983-10-31,23.737
1983-11-30,24.59
1983-12-31,27.231
1984-01-31,27.997
1984-02-29,26.561
1984-03-31,24.83
1984-04-30,26.031
1984-05-31,24.897
1984-06-30,24.068
1984-07-31,21.843000000000004
1984-08-31,21.751
1984-09-30,23.062
1984-10-31,23.299
1984-11-30,23.831
1984-12-31,24.673000000000002
1985-01-31,27.19400000000001
1985-02-28,27.031
1985-03-31,26.174
1985-04-30,23.878
1985-05-31,22.798000000000002
1985-06-30,22.684
1985-07-31,23.309
1985-08-31,21.649
1985-09-30,22.517
1985-10-31,23.295
1985-11-30,23.95
1985-12-31,26.552
1986-01-31,27.484
1986-02-28,27.087
1986-03-31,26.513
1986-04-30,25.991
1986-05-31,24.048000000000002
1986-06-30,22.471999999999998
1986-07-31,23.433000000000003
1986-08-31,21.952
1986-09-30,22.261
1986-10-31,24.348000000000006
1986-11-30,24.915
1986-12-31,26.843000000000004
1987-01-31,27.263
1987-02-28,26.243
1987-03-31,26.489
1987-04-30,24.372
1987-05-31,22.931
1987-06-30,24.676
1987-07-31,22.619
1987-08-31,21.612
1987-09-30,22.421
1987-10-31,23.774
1987-11-30,25.3
1987-12-31,27.669
1988-01-31,26.427000000000003
1988-02-29,26.811
1988-03-31,25.544
1988-04-30,24.474
1988-05-31,22.378
1988-06-30,21.255
1988-07-31,22.495
1988-08-31,22.462
1988-09-30,21.798
1988-10-31,22.326
1988-11-30,24.376
1988-12-31,26.141
1989-01-31,26.866000000000003
1989-02-28,26.915
1989-03-31,26.250999999999998
1989-04-30,23.764
1989-05-31,23.411
1989-06-30,21.866
1989-07-31,22.753
1989-08-31,22.0
1989-09-30,21.237
1989-10-31,23.351
1989-11-30,24.249
1989-12-31,27.195
1990-01-31,26.876
1990-02-28,27.442
1990-03-31,27.462
1990-04-30,24.153
1990-05-31,23.745
1990-06-30,22.506
1990-07-31,21.662
1990-08-31,21.54000000000001
1990-09-30,23.361
1990-10-31,24.965
1990-11-30,24.804
1990-12-31,25.047
1991-01-31,26.641
1991-02-28,26.291
1991-03-31,25.788
1991-04-30,24.663
1991-05-31,24.635
1991-06-30,22.726
1991-07-31,22.449
1991-08-31,21.262
1991-09-30,22.569000000000006
1991-10-31,23.203000000000007
1991-11-30,25.73
1991-12-31,25.896
1992-01-31,26.371
1992-02-29,26.691
1992-03-31,25.535
1992-04-30,25.314
1992-05-31,25.07
1992-06-30,22.85
1992-07-31,22.018
1992-08-31,21.837
1992-09-30,22.595
1992-10-31,22.682
1992-11-30,23.97
1992-12-31,26.518
1993-01-31,26.833000000000002
1993-02-28,27.032
1993-03-31,26.391
1993-04-30,24.546999999999997
1993-05-31,23.349
1993-06-30,23.666999999999998
1993-07-31,21.968000000000004
1993-08-31,22.036
1993-09-30,23.542
1993-10-31,24.992
1993-11-30,24.982
1993-12-31,25.359
1994-01-31,28.561
1994-02-28,26.198
1994-03-31,25.419
1994-04-30,25.663
1994-05-31,23.533
1994-06-30,23.723000000000006
1994-07-31,22.138
1994-08-31,22.498
1994-09-30,23.251
1994-10-31,24.223000000000006
1994-11-30,26.007
1994-12-31,27.399
1995-01-31,27.116000000000003
1995-02-28,26.782
1995-03-31,25.432
1995-04-30,24.458
1995-05-31,23.909
1995-06-30,24.883000000000006
1995-07-31,24.489
1995-08-31,22.696
1995-09-30,21.863000000000003
1995-10-31,23.549
1995-11-30,24.665
1995-12-31,27.246
1996-01-31,27.70000000000001
1996-02-29,27.006999999999998
1996-03-31,25.874
1996-04-30,23.783
1996-05-31,23.359
1996-06-30,21.802
1996-07-31,22.048
1996-08-31,21.619
1996-09-30,22.344
1996-10-31,23.103
1996-11-30,25.473000000000006
1996-12-31,25.909
1997-01-31,27.305000000000003
1997-02-28,25.7
1997-03-31,25.17
1997-04-30,24.052
1997-05-31,23.746
1997-06-30,23.967
1997-07-31,23.104
1997-08-31,23.147
1997-09-30,23.048
1997-10-31,24.887
1997-11-30,26.526
1997-12-31,27.462
1998-01-31,27.835
1998-02-28,27.615
1998-03-31,26.483
1998-04-30,24.471999999999998
1998-05-31,22.883000000000006
1998-06-30,23.372
1998-07-31,24.23
1998-08-31,23.138
1998-09-30,22.416999999999998
1998-10-31,21.967
1998-11-30,25.465
1998-12-31,26.638
1999-01-31,27.539
1999-02-28,26.982
1999-03-31,25.041
1999-04-30,23.774
1999-05-31,23.23
1999-06-30,23.394
1999-07-31,22.032
1999-08-31,22.742
1999-09-30,20.758000000000006
1999-10-31,21.659
1999-11-30,24.318
1999-12-31,25.974
2000-01-31,26.699
2000-02-29,26.27
2000-03-31,25.75
2000-04-30,24.355999999999998
2000-05-31,24.059
2000-06-30,22.049
2000-07-31,22.447
2000-08-31,22.099
2000-09-30,23.844
2000-10-31,23.601
2000-11-30,25.209
2000-12-31,26.852
2001-01-31,27.992
2001-02-28,27.559
2001-03-31,27.281
2001-04-30,24.784
2001-05-31,24.773000000000003
2001-06-30,23.822
2001-07-31,23.598000000000006
2001-08-31,22.41200000000001
2001-09-30,22.259
2001-10-31,23.689
2001-11-30,24.848000000000006
2001-12-31,26.016
2002-01-31,26.14
2002-02-28,27.785999999999998
2002-03-31,26.73
2002-04-30,25.657
2002-05-31,25.293000000000006
2002-06-30,23.677
2002-07-31,24.605
2002-08-31,21.845
2002-09-30,24.344
2002-10-31,24.511
2002-11-30,25.516
2002-12-31,26.499
2003-01-31,28.359
2003-02-28,27.261999999999997
2003-03-31,26.418000000000006
2003-04-30,24.68
2003-05-31,25.092
2003-06-30,23.82
2003-07-31,22.388
2003-08-31,22.112
2003-09-30,22.725
2003-10-31,24.076999999999998
2003-11-30,25.32
2003-12-31,25.435
2004-01-31,26.00500000000001
2004-02-29,26.127
2004-03-31,25.958
2004-04-30,24.307
2004-05-31,23.682
2004-06-30,22.823
2004-07-31,22.428
2004-08-31,23.50800000000001
2004-09-30,22.337
2004-10-31,23.72
2004-11-30,24.529
2004-12-31,26.171
2005-01-31,26.358
2005-02-28,26.891
2005-03-31,26.701
2005-04-30,25.482
2005-05-31,24.821
2005-06-30,23.119
2005-07-31,24.163
2005-08-31,22.337
2005-09-30,23.982
2005-10-31,23.235
2005-11-30,24.255
2005-12-31,26.668000000000006
2006-01-31,27.558000000000003
2006-02-28,27.148000000000003
2006-03-31,25.576999999999998
2006-04-30,23.71
2006-05-31,23.722
2006-06-30,23.426
2006-07-31,23.607
2006-08-31,22.263
2006-09-30,22.646
2006-10-31,23.335
2006-11-30,25.203000000000007
2006-12-31,25.718000000000004
2007-01-31,26.869000000000003
2007-02-28,27.621
2007-03-31,26.395
2007-04-30,24.263
2007-05-31,24.484
2007-06-30,23.256999999999998
2007-07-31,23.105999999999998
2007-08-31,23.265
2007-09-30,23.444000000000006
2007-10-31,23.516
2007-11-30,25.363000000000003
2007-12-31,25.257
2008-01-31,26.362
2008-02-29,26.631
2008-03-31,25.793000000000006
2008-04-30,24.031
2008-05-31,23.713
2008-06-30,23.361
2008-07-31,23.855
2008-08-31,22.045
2008-09-30,23.207
2008-10-31,23.028
2008-11-30,23.841
2008-12-31,25.886
2009-01-31,27.465000000000003
2009-02-28,27.206
2009-03-31,25.271
2009-04-30,24.942
2009-05-31,23.182
2009-06-30,23.544
2009-07-31,23.320999999999998
2009-08-31,23.896
2009-09-30,23.149
2009-10-31,26.381
2009-11-30,25.56
2009-12-31,27.877
2010-01-31,28.849
2010-02-28,27.396
2010-03-31,25.724
2010-04-30,24.838
2010-05-31,23.085
2010-06-30,24.229
2010-07-31,22.677
2010-08-31,23.06600000000001
2010-09-30,22.315
2010-10-31,23.529
2010-11-30,25.848000000000006
2010-12-31,27.229
2011-01-31,28.146
2011-02-28,25.967
2011-03-31,26.131
2011-04-30,23.752
2011-05-31,23.044
2011-06-30,23.136
2011-07-31,23.325
2011-08-31,21.9
2011-09-30,22.627
2011-10-31,22.294
2011-11-30,24.287
2011-12-31,25.081
2012-01-31,27.449
2012-02-29,26.717
2012-03-31,26.041999999999998
2012-04-30,24.023000000000003
2012-05-31,24.865
2012-06-30,23.735
2012-07-31,23.517
2012-08-31,23.186
2012-09-30,23.588
2012-10-31,23.807
2012-11-30,26.051
2012-12-31,26.009
